age_group,customer_count,policy_count,total_premium,avg_premium_per_customer,total_sum_assured,avg_customer_tenure_days
10.0,3228,6616,33403399997.0,5048881.498941959,10033060111406.0,553.9459841628959
20.0,15742,32155,162581365754.0,5056176.823324522,48734842149958.0,541.8882387190685
30.0,15969,33007,168140254088.0,5094078.652649438,50390881265075.0,545.3265486221817
40.0,15909,32888,166606797282.0,5065884.130442714,49922950855754.0,545.8820093457944
50.0,16099,32831,164782453473.0,5019111.61624684,49523071654976.0,548.5031961646025
60.0,15643,31838,161114435389.0,5060444.60672781,48449186954318.0,545.2664727828208
70.0,15965,32636,164393268584.0,5037175.774727295,49465970283064.0,548.9472670289542
80.0,1545,3157,16015376587.0,5072973.261640798,4798777329776.0,547.4777051129607
