age_group,customer_count,policy_count,total_premium,avg_premium_per_customer,total_sum_assured,avg_customer_tenure_days
10.0,6561,6612,34358444425.0,5196376.954779189,10202263459362.0,553.2718983412552
20.0,31596,31509,162606663295.0,5160641.825986226,48593087712404.0,549.2146541783828
30.0,31664,31418,163358256885.0,5199511.6457126485,48911105450985.0,543.3468806208443
40.0,31617,31703,164954132750.0,5203107.994511561,49677699523128.0,546.5172976567065
50.0,31641,31431,161828815466.0,5148700.819763928,48347978678176.0,549.8463936516933
60.0,31694,32148,166414488519.0,5176511.400989175,50031040250596.0,548.684476895379
70.0,32059,32064,166703760483.0,5199094.326440868,49983138271317.0,550.527510986498
80.0,3080,3115,15885245562.0,5099597.29117175,4774545676529.0,542.9924211388775
